login,pmfkey
abarksdale,baral20
abertrand13,beral06
abrockett,broal11
adamzolyak,zolad01
aesterline,estad01
agradl,graan19
ahensel,henal05
akorbel,koran05
alexzywiak,zywal01
andymcmahan,mcman01
AnirbanRN,nayan01
applegrain,svalo02
aschilde,schan32
ashumz,mccas01
asimmons-rally,casas01
atlasrobot,peajo07
atlastesttravis,peajo07
atrubet,truan01
baida07,baida07
bcotton,cotro04
bearhart-rally,earbr01
benanderson1,andbe05
bencarney,carbe01
benridge,ridbe02
bilal-bhatti,bhabi01
billyfoss,fosbi01
Binder1,binmi02
BKardon,karba04
bnatarajan-rally,natsa03
bphillips907,phibr01
brandon-fryslie,frybr02
brentertz,ertbr01
broadhu2,brojo21
bskrtich,skrbr01
burtonjc,burje18
bwittenberg,witbe05
cardeo,lamma02
cassiekernCA,kerca03
ca-toolsadmin,toolsadmin
cauloccoli,slaje03
cbechberger,becch05
cboggs,bogco01
cchildress,chica01
ccreight2,creco01
cdalton,dalc$??
charlottechalmer,taych12
chatmanj4,chajo30
chipset,mcqth01
christinelh,lyoch02
cjackson-rally,jaccr01
codybraun,brajo22
coldpour,holmi09
collettiquette,colke07
ConnerReeves,reeco01
connormckelvey,mckco01
cpb83,bonch05
cpostma-rally,posco01
cschuyle,schca19
csmarchbanks,march32
csmcfarland,mcfca01
cthulhu-bot,stujo04
cweibring,weica04
cwillia9,wilco09
danjwinter,winda08
dashboard-rally,dashboard-rally
daveborg,borda07
davidpthomas,thoda21
davidtadams,adada06
David-Shibley,shida12
dawsmith8,smida25
deejaytee,tynde01
dewaynemcnair,mcnbi01
dfaithberry,whedi01
dgriff1,grida11
dhemprabhuLingoport,hemdh01
djaqua,jaqan02
dkoelemay,koean04
dlwire,wirda01
DMatt06,matda13
dougdiehnelt,diedo01
dskwon19,kwoda01
dwaynewilliams,wildw01
dyseh,hussy05
ebrice,brier03
edejager-rally,dejed02
ediaz123,diami04
efordLingoport,forer02
efrank-rally,fraer07
Ehudam,amieh01
ehudam1,amieh01
ejohnsonLingoport,joher12
ender2012,minmi05
esoman,somel01
EunsilRecksiek,receu01
fsharifian,shafa10
garston,trega01
gbeveridge,bevgi01
gbutt,butda07
george-miller,milge05
ggamble-rally,gamga01
ggelsinon,gelgw01
githubdan,butda07
gmgarcia,guega01
gonbo01,gonbo01
grammati,perch13
guildner,guilu02
happycamper19,dwyst01
HaugL,hauli01
havana59er,butgr02
hazevedo,azehu01
hendricd,hendo04
hilljb,hilja10
hjflygare,flyhi01
hkazgan,uluha01
hobbsh,hobhe01
homeyer,homan03
hooten,hoodu01
hossh02,hossh02
huntert,hunt$??
lhotop,hotla01
iijku01,iijku01
iwhitmore,whijo12
jakepearson,peajo07
janvib,badja01
jarvis-rally,leema13
jcary85,carjo45
jcolerally,coljo16
jditillo,ditje02
jdrumheller,druju02
jeffa87,allje05
jeffellis,ellje05
jeffmanhart,manje06
jeffmrich,ricje09
jeffreyodum,oduje??
jefmsmit,smije17
jhehr,hehja??
jimmyvancura,vanja28
jmartin-rally,marjo60
jmh-CA,jmhca??
jmiller52,miljo22
jmturner,turjo09
jocr1627,crojo09
johncooperrally,coojo06
josephsromero,romjo10
josh-stupplebeen,stujo04
joshuaegclark,clajo08
jpkole,koljo03
jreuning,reujo02
jrobinson23,robje10
jsherriff,shejo13
jstorey,stoje09
jtslear,skajo02
jturgasen,turjo08
juliosantanaiii,sanju13
jwags,wagja05
kalgra,algkr01
kalranitin,kalni03
kalves-rally,alvka02
KamiAgha,shika01
kcorkan,corkr03
kesve02,kesve02
kevnroberts,robke12
kgallegos,galke06
kgee2017,geeka01
kgroves,groka03
kkale,kalki02
kkburr,barka12
klehman-rally,lehki03
kmehidi,mehka01
krashidov,rasko01
krmorse,morky01
Kruke05,kruke05
ksurdhar,surk$??
kthayn,thaka07
kthompson-rally,thoka10
kurtharriger,harku03
kylegach,gacky01
lamja10,lamja10
LaurieLinz,linla03
lbglover,glola01
lcameronLingoport,camlo01
leftcoastgeek,mitke05
lgintchin,ginla02
liama01,liama01
Lieschen,garli07
LightningSnoop,galto02
limscoder,thoda22
LittleLadySunshine,mccde15
loribell01,bello01
manjkul,kulma02
marydavis,davma27
MattHaag,haama01
mattshogi,shoma07
mcclaskc,mccch17
mchipouras,chima19
mdfleetwood,flemi01
mfernandez-rally,ferma30
mgwhitfield,whimi11
mhowlandLingoport,howmi07
miatierney,tiema03
michaelball,balmi05
mike0508,moemi01
mikegagliardo,gagmi03
Mikewaite,waimi01
mlee31,leema13
mliao-rally,liamo01
mmcclellan-rally,mccma34
mnovinger,novma03
mowoc-ca,owomi01
mpfilbin,filmi02
mrala,yahal01
mrampson,rammi06
mshares,shaam17
msw-ca,walmi10
M-Stanley-1,stama20
mstieber,stimi04
mtbkapp,kapja03
ndgibson,gibni02
nhamiltonrally,hamna05
nikki-rally,jacni02
nkhadakkar,khane01
nmusaelian-rally,musni02
object88,bropa18
osulehria,sulom01
patrikjonsson,jonpa02
pbomb,parma36
pkodaliLingoport,kodpr01
prastLingoport,raspe03
pgilad,pelgi01
punan01,punan01
RallyRonnie,ralro??
rfeatherCA,feari01
rkganra10,ganra10
rlansky,lanri06
rmcqueen,mcqro03
robertfwest,wesro03
robert-rally,evero03
rscot231,scory01
rwettstein,wetro01
rylee-rally,keyry01
sagiraju,sagra01
samidhoda,hodsa01
sarmijo,armst02
sarnarahul,sarra07
shaunkatona,katsh08
sboles,bolst03
sboudreaux,boush02
scottwd9,scowi02
sdavis4,davse04
serinadawn,clase02
sethimcclaine,mccse??
sficarrotta,ficsu02
sflores85,flosc01
shaunkatona,katsh08
sagiraju,sagra01
slybri123,slybr??
snusz-rally,nussc01
songawee,johde07
southpaw27,kelan07
squarfoot,quash03
spdwyer,dwyst01
srampson,ramsu10
srmelody,melse02
sstolt,stost08
stephanietanner,tanst07
steveneely,neest01
sweeks-ca,wees$??
swillcox-rally,wilst26
syn1c,syn1c??
tanobes,anota??
tarunVreddy,redta03
technolo-g,bajma01
thealmightygrant,shear02
TorinFrancis,frato02
trevdor,fartr01
troyef,fostr02
tsilen,silt$??
twelsh-rally,welt$??
ukonpete,prope01
unicornzero,keyry01
ValMagheru,magva02
vanchagreen,greri12
vbudaalaLingoport,budvi02
vital101,slija02
vogda04,vogda04
volkovolkov,schmi56
vongd,vonda03
vshivamurthy,shivi02
vzolyak,zolva01
WadePeterson,petwa02
wbeard,beawi03
wdoug,douwi02
willerules,broje31
willklein,klewi??
willpiers,piewi04
wkammersell-ca,kamwi02
wkarlin-rally,karwi03
wrackzone,mulba01
wsurles,surwi01
xvalentino,espch03
yerra02,yerra02
zeroem,hamda07
zmalone,malwi01
zwebb,webza01
